Arrival rate1W,Finish rate1W,Num of unique resource1W,Process active time1W,Service time per case1W,Time in process per case1W,Waiting time in process per case1W,Num in process case1W
245,245,2,85.00000000000003,0.3469387755102042,0.3469387755102042,0.0,0
224,224,2,77.28333333333335,0.34812312312312316,0.34812312312312316,0.0,0
188,188,2,68.11666666666679,0.36232269503546166,0.36232269503546166,0.0,0
201,201,2,70.48333333333342,0.3506633499170817,0.3506633499170817,0.0,0
199,199,2,70.38333333333343,0.35368509212730365,0.35368509212730365,0.0,0
125,125,2,44.30000000000002,0.35440000000000016,0.35440000000000016,0.0,0
